,CHROM,POS,ID,REF,ALT,QUAL,FILTER,INFO,FORMAT,/mnt/c/Users/dharm/Downloads/Pupil_bio/results/PA220KH-lib09-P19-Tumor_S2_L001.sorted.dedup.bam
19954,CM000681.2,15614398,.,C,G,221.875,PASS,"DP=30;VDB=0.947221;SGB=-0.670168;RPBZ=0.751119;MQBZ=1.41421;MQSBZ=0.816497;BQBZ=-0.707107;SCBZ=1.31318;FS=0;MQ0F=0;AC=1;AN=2;DP4=3,2,6,4;MQ=59",GT:PL,"0/1:255,0,213"
1408,CM000664.2,25981526,.,A,C,207.417,PASS,"DP=9;VDB=7.99768e-05;SGB=-0.636426;MQSBZ=0;FS=0;MQ0F=0;AC=2;AN=2;DP4=0,0,2,5;MQ=60",GT:PL,"1/1:237,21,0"
9397,CM000671.2,133128265,.,C,G,206.417,PASS,"DP=13;VDB=2.26006e-08;SGB=-0.683931;MQSBZ=0.627646;FS=0;MQ0F=0.0769231;AC=2;AN=2;DP4=0,0,11,2;MQ=54",GT:PL,"1/1:236,39,0"
3983,CM000666.2,98607156,.,C,T,147.416,PASS,"DP=6;VDB=0.00835905;SGB=-0.556411;MQSBZ=0;FS=0;MQ0F=0;AC=2;AN=2;DP4=0,0,2,2;MQ=60",GT:PL,"1/1:177,12,0"
20500,CM000682.2,62590314,.,C,G,140.206,PASS,"DP=21;VDB=2.63505e-13;SGB=-0.692067;RPBZ=0;MQBZ=0;BQBZ=-0.407173;SCBZ=0;FS=0;MQ0F=0;AC=2;AN=2;DP4=1,0,20,0;MQ=60",GT:PL,"1/1:167,26,0"
11643,CM000672.2,117741907,.,G,A,113.415,PASS,"DP=6;VDB=0.000411984;SGB=-0.616816;FS=0;MQ0F=0;AC=2;AN=2;DP4=0,0,0,6;MQ=60",GT:PL,"1/1:143,18,0"
11650,CM000672.2,117741914,.,T,G,113.415,PASS,"DP=6;VDB=0.000411984;SGB=-0.616816;FS=0;MQ0F=0;AC=2;AN=2;DP4=0,0,0,6;MQ=60",GT:PL,"1/1:143,18,0"
11249,CM000672.2,97140726,.,C,G,108.415,PASS,"DP=6;VDB=0.00215942;SGB=-0.590765;MQSBZ=0;FS=0;MQ0F=0;AC=2;AN=2;DP4=0,0,4,1;MQ=60",GT:PL,"1/1:138,15,0"
11639,CM000672.2,117741903,.,A,C,108.415,PASS,"DP=6;VDB=0.000411984;SGB=-0.616816;FS=0;MQ0F=0;AC=2;AN=2;DP4=0,0,0,6;MQ=60",GT:PL,"1/1:138,18,0"
13874,CM000675.2,111185961,.,C,"CGTGTGTGT,CGT",99.4408,PASS,"INDEL;IDV=4;IMF=0.8;DP=5;VDB=0.314313;SGB=-0.556411;RPBZ=-1.41421;MQBZ=0;SCBZ=-1.58114;FS=0;MQ0F=0;AC=1,1;AN=2;DP4=0,0,2,2;MQ=60",GT:PL,"1/2:162,56,50,114,0,108"
10128,CM000672.2,35632946,.,G,C,99.4152,PASS,"DP=5;VDB=0.00187095;SGB=-0.590765;FS=0;MQ0F=0;AC=2;AN=2;DP4=0,0,5,0;MQ=60",GT:PL,"1/1:129,15,0"
11243,CM000672.2,97140720,.,G,A,96.4152,PASS,"DP=5;VDB=0.00187095;SGB=-0.590765;FS=0;MQ0F=0;AC=2;AN=2;DP4=0,0,5,0;MQ=60",GT:PL,"1/1:126,15,0"
1032,CM000663.2,236604526,.,T,C,90.4151,PASS,"DP=4;VDB=0.22;SGB=-0.453602;MQSBZ=0;FS=0;MQ0F=0;AC=2;AN=2;DP4=0,0,1,1;MQ=60",GT:PL,"1/1:120,6,0"
11917,CM000673.2,2154875,.,A,G,90.4151,PASS,"DP=4;VDB=0.02;SGB=-0.453602;MQSBZ=0;FS=0;MQ0F=0;AC=2;AN=2;DP4=0,0,1,1;MQ=60",GT:PL,"1/1:120,6,0"
12044,CM000673.2,2155002,.,C,T,90.4151,PASS,"DP=4;VDB=0.06;SGB=-0.453602;MQSBZ=0;FS=0;MQ0F=0;AC=2;AN=2;DP4=0,0,1,1;MQ=60",GT:PL,"1/1:120,6,0"
20679,CM000682.2,62610125,.,T,C,67.3336,PASS,"DP=9;VDB=0.0312982;SGB=-0.511536;RPBZ=0.664211;MQBZ=-1;MQSBZ=-0.707107;BQBZ=0.664211;SCBZ=-1.54919;FS=0;MQ0F=0;AC=1;AN=2;DP4=1,2,1,2;MQ=57",GT:PL,"0/1:100,0,76"
4397,CM000667.2,344523,.,T,C,60.3784,PASS,"DP=9;VDB=0.0343724;SGB=-0.556411;RPBZ=2.12132;MQBZ=1.1007;MQSBZ=1.03775;BQBZ=1.11144;SCBZ=-0.585142;FS=0;MQ0F=0.333333;AC=2;AN=2;DP4=3,0,3,1;MQ=18",GT:PL,"1/1:87,0,0"
9095,CM000671.2,33676096,.,C,G,41.5309,PASS,"DP=13;VDB=0.22;SGB=-0.453602;RPBZ=0.401918;MQBZ=-1.58114;MQSBZ=-1.58114;BQBZ=0.966092;SCBZ=2.41523;FS=0;MQ0F=0;AC=1;AN=2;DP4=4,1,1,1;MQ=56",GT:PL,"0/1:75,0,186"
9120,CM000671.2,33676121,.,G,A,41.1551,PASS,"DP=14;VDB=0.18;SGB=-0.453602;RPBZ=0.781607;MQBZ=-1.58114;MQSBZ=-0.866025;BQBZ=0.632456;SCBZ=1.60767;FS=0;MQ0F=0;AC=1;AN=2;DP4=2,3,1,1;MQ=56",GT:PL,"0/1:75,0,233"
9107,CM000671.2,33676108,.,C,A,41.0651,PASS,"DP=14;VDB=0.22;SGB=-0.453602;RPBZ=0.781607;MQBZ=-1.58114;MQSBZ=-0.866025;BQBZ=0;SCBZ=1.60767;FS=0;MQ0F=0;AC=1;AN=2;DP4=2,3,1,1;MQ=56",GT:PL,"0/1:75,0,242"
20681,CM000682.2,62610127,.,C,T,36.2435,PASS,"DP=9;VDB=0.0279572;SGB=-0.511536;RPBZ=0.664211;MQBZ=-1;MQSBZ=-0.707107;BQBZ=-1.62309;SCBZ=-1;FS=0;MQ0F=0;AC=1;AN=2;DP4=1,2,1,2;MQ=57",GT:PL,"0/1:69,0,110"
1437,CM000664.2,32916290,.,G,C,32.1233,PASS,"DP=52;VDB=6.99472e-07;SGB=-0.670168;RPBZ=-0.448816;MQBZ=1.34034;BQBZ=-1.78919;SCBZ=0;FS=0;MQ0F=0.134615;AC=0;AN=2;DP4=21,0,10,0;MQ=13",GT:PL,"0/0:0,12,14"
7505,CM000669.2,97006070,.,G,A,32.0249,PASS,"DP=7;VDB=0.000931423;SGB=-0.616816;RPBZ=-0.866025;MQBZ=-2.44949;BQBZ=0;SCBZ=0;FS=0;MQ0F=0.857143;AC=0;AN=2;DP4=1,0,6,0;MQ=8",GT:PL,"0/0:0,4,20"
1427,CM000664.2,32916280,.,G,C,30.9524,PASS,"DP=83;VDB=0.000564327;SGB=-0.662043;RPBZ=-2.74849;MQBZ=0.650735;MQSBZ=-1.87973;BQBZ=-2.59614;SCBZ=0;FS=0;MQ0F=0.168675;AC=0;AN=2;DP4=46,2,9,0;MQ=13",GT:PL,"0/0:0,71,26"
428,CM000663.2,76868604,.,G,A,30.6823,PASS,"DP=6;SGB=-0.379885;RPBZ=0;MQBZ=-0.933257;BQBZ=-0.447214;SCBZ=0;FS=0;MQ0F=0.166667;AC=0;AN=2;DP4=5,0,1,0;MQ=16",GT:PL,"0/0:0,6,33"
1426,CM000664.2,32916279,.,G,C,30.6039,PASS,"DP=96;VDB=6.71664e-05;SGB=-0.636426;RPBZ=-2.59807;MQBZ=1.02047;MQSBZ=-1.90852;BQBZ=-0.335985;SCBZ=0;FS=0;MQ0F=0.166667;AC=0;AN=2;DP4=60,2,7,0;MQ=13",GT:PL,"0/0:0,116,26"
4499,CM000667.2,344626,.,G,A,30.4635,PASS,"DP=5;SGB=-0.379885;RPBZ=0.707107;MQBZ=1.22474;BQBZ=-1.58114;SCBZ=-0.790569;FS=0;MQ0F=0.6;AC=0;AN=2;DP4=4,0,1,0;MQ=16",GT:PL,"0/0:0,3,32"
4523,CM000667.2,344650,.,G,C,30.4635,PASS,"DP=5;SGB=-0.379885;RPBZ=0.707107;MQBZ=1.22474;BQBZ=-2;SCBZ=-0.790569;FS=0;MQ0F=0.6;AC=0;AN=2;DP4=4,0,1,0;MQ=16",GT:PL,"0/0:0,3,32"
15742,CM000678.2,70289767,.,G,C,30.3065,PASS,"DP=5;SGB=-0.379885;RPBZ=-1.41421;MQBZ=-1.08821;MQSBZ=0;BQBZ=0;SCBZ=0;FS=0;MQ0F=0.4;AC=0;AN=2;DP4=3,1,1,0;MQ=12",GT:PL,"0/0:0,8,25"
4483,CM000667.2,344610,.,T,C,30.3056,PASS,"DP=14;VDB=0.00488192;SGB=-0.616816;RPBZ=2.75115;MQBZ=-1.04881;MQSBZ=-0.361873;BQBZ=0.193429;SCBZ=0.844951;FS=0;MQ0F=0.571429;AC=0;AN=2;DP4=5,0,2,4;MQ=7",GT:PL,"0/0:0,1,38"
15746,CM000678.2,70289771,.,C,G,30.2414,PASS,"DP=5;SGB=-0.379885;RPBZ=-1.41421;MQBZ=-1.08821;MQSBZ=0;BQBZ=-0.790569;SCBZ=0;FS=0;MQ0F=0.4;AC=0;AN=2;DP4=3,1,1,0;MQ=12",GT:PL,"0/0:0,8,30"
20528,CM000682.2,62590342,.,T,C,30.1379,PASS,"DP=34;VDB=0.14;SGB=-0.453602;RPBZ=-0.347677;MQBZ=0;MQSBZ=0;BQBZ=0.524404;SCBZ=0;FS=0;MQ0F=0;AC=0;AN=2;DP4=20,12,1,1;MQ=60",GT:PL,"0/0:0,28,255"
15723,CM000678.2,70289748,.,G,C,30.0829,PASS,"DP=7;SGB=-0.379885;RPBZ=0.504525;MQBZ=-1.27294;MQSBZ=0.720082;BQBZ=-0.408248;SCBZ=0;FS=0;MQ0F=0.285714;AC=0;AN=2;DP4=3,3,1,0;MQ=15",GT:PL,"0/0:0,12,46"
37,CM000663.2,3169811,.,T,C,30.0059,PASS,"DP=25;VDB=0.0221621;SGB=-0.511536;RPBZ=1.88294;MQBZ=-2.70801;MQSBZ=1.04083;BQBZ=-2.58732;SCBZ=0;FS=0;MQ0F=0;AC=0;AN=2;DP4=9,13,3,0;MQ=59",GT:PL,"0/0:0,38,255"
14190,CM000676.2,77027455,.,T,C,29.9977,PASS,"DP=4;SGB=-0.379885;RPBZ=0;MQBZ=0.447214;BQBZ=-1;SCBZ=0;FS=0;MQ0F=0.25;AC=0;AN=2;DP4=0,3,0,1;MQ=21",GT:PL,"0/0:0,1,36"
9428,CM000671.2,133128296,.,A,G,29.9426,PASS,"DP=19;VDB=0.02;SGB=-0.453602;RPBZ=-2.28379;MQBZ=-1.1502;MQSBZ=0.266097;BQBZ=-2.58957;SCBZ=0;FS=0;MQ0F=0.0526316;AC=0;AN=2;DP4=12,5,0,2;MQ=55",GT:PL,"0/0:0,32,255"
9446,CM000671.2,133128314,.,A,G,29.9426,PASS,"DP=19;VDB=0.02;SGB=-0.453602;RPBZ=-2.28379;MQBZ=-1.1502;MQSBZ=0.266097;BQBZ=-2.58957;SCBZ=0;FS=0;MQ0F=0.0526316;AC=0;AN=2;DP4=12,5,0,2;MQ=55",GT:PL,"0/0:0,32,255"
9298,CM000671.2,33676299,.,T,A,29.9402,PASS,"DP=6;SGB=-0.379885;RPBZ=-0.362738;MQBZ=1.08821;BQBZ=-1.58114;SCBZ=-1.08821;FS=0;MQ0F=0;AC=0;AN=2;DP4=0,4,0,1;MQ=38",GT:PL,"0/0:0,3,101"
9301,CM000671.2,33676302,.,T,A,29.9402,PASS,"DP=6;SGB=-0.379885;RPBZ=-0.362738;MQBZ=1.08821;BQBZ=-1.58114;SCBZ=-1.08821;FS=0;MQ0F=0;AC=0;AN=2;DP4=0,4,0,1;MQ=38",GT:PL,"0/0:0,3,101"
13503,CM000674.2,122183319,.,T,C,29.9392,PASS,"DP=9;SGB=-0.379885;RPBZ=-1.0351;MQBZ=0;MQSBZ=0;BQBZ=-1.73205;SCBZ=0;FS=0;MQ0F=0;AC=0;AN=2;DP4=5,3,0,1;MQ=60",GT:PL,"0/0:0,15,185"
14193,CM000676.2,77027458,.,T,C,29.9309,PASS,"DP=4;SGB=-0.379885;RPBZ=0;MQBZ=0.447214;BQBZ=-0.942809;SCBZ=0;FS=0;MQ0F=0.25;AC=0;AN=2;DP4=0,3,0,1;MQ=21",GT:PL,"0/0:0,1,45"
13498,CM000674.2,122183314,.,A,T,29.9265,PASS,"DP=9;SGB=-0.379885;RPBZ=1.44914;MQBZ=0;MQSBZ=0;BQBZ=-1.87083;SCBZ=0;FS=0;MQ0F=0;AC=0;AN=2;DP4=4,4,1,0;MQ=60",GT:PL,"0/0:0,15,201"
9276,CM000671.2,33676277,.,T,A,29.9255,PASS,"DP=7;SGB=-0.379885;RPBZ=-0.707107;MQBZ=1.08821;MQSBZ=0;BQBZ=-1.49071;SCBZ=-1.08821;FS=0;MQ0F=0;AC=0;AN=2;DP4=1,3,0,1;MQ=39",GT:PL,"0/0:0,3,117"
13514,CM000674.2,122183330,.,A,T,29.9241,PASS,"DP=9;SGB=-0.379885;RPBZ=1.44914;MQBZ=0;MQSBZ=0;BQBZ=-1.85164;SCBZ=0;FS=0;MQ0F=0;AC=0;AN=2;DP4=4,4,1,0;MQ=60",GT:PL,"0/0:0,15,200"
14192,CM000676.2,77027457,.,C,T,29.9239,PASS,"DP=4;SGB=-0.379885;RPBZ=1.41421;MQBZ=-1.34164;BQBZ=-1;SCBZ=0;FS=0;MQ0F=0.25;AC=0;AN=2;DP4=0,3,0,1;MQ=21",GT:PL,"0/0:0,5,55"
11617,CM000672.2,117741881,.,A,T,29.9222,PASS,"DP=11;SGB=-0.379885;RPBZ=1.09545;MQBZ=0;MQSBZ=0;BQBZ=-1.24097;SCBZ=0;FS=0;MQ0F=0;AC=0;AN=2;DP4=4,6,1,0;MQ=60",GT:PL,"0/0:0,20,183"
9260,CM000671.2,33676261,.,T,A,29.9209,PASS,"DP=8;SGB=-0.379885;RPBZ=-0.707107;MQBZ=1.08821;MQSBZ=1.1847;BQBZ=-1.58114;SCBZ=-1.08821;FS=0;MQ0F=0;AC=0;AN=2;DP4=2,2,0,1;MQ=39",GT:PL,"0/0:0,3,120"
9271,CM000671.2,33676272,.,C,T,29.9209,PASS,"DP=8;SGB=-0.379885;RPBZ=-0.707107;MQBZ=1.08821;MQSBZ=1.1847;BQBZ=-1.58114;SCBZ=-1.11803;FS=0;MQ0F=0;AC=0;AN=2;DP4=2,2,0,1;MQ=39",GT:PL,"0/0:0,3,120"
5591,CM000667.2,112839643,.,A,G,29.8956,PASS,"DP=9;SGB=-0.379885;RPBZ=2.44949;MQBZ=0;BQBZ=-1.67332;SCBZ=2.44949;FS=0;MQ0F=0;AC=0;AN=2;DP4=6,0,1,0;MQ=60",GT:PL,"0/0:0,9,176"
13914,CM000675.2,111186001,.,T,C,29.8949,PASS,"DP=6;SGB=-0.379885;RPBZ=-1.22474;MQBZ=-1.41421;MQSBZ=-1.41421;BQBZ=-1.22474;SCBZ=1.41421;FS=0;MQ0F=0;AC=0;AN=2;DP4=2,0,0,1;MQ=58",GT:PL,"0/0:0,3,47"
13,CM000663.2,3169787,.,T,C,29.8886,PASS,"DP=25;VDB=0.02;SGB=-0.453602;RPBZ=1.56261;MQBZ=-3.39117;MQSBZ=1.04083;BQBZ=-1.72175;SCBZ=0;FS=0;MQ0F=0;AC=0;AN=2;DP4=10,13,2,0;MQ=59",GT:PL,"0/0:0,49,255"
5763,CM000667.2,112839818,.,A,T,29.8848,PASS,"DP=7;SGB=-0.379885;RPBZ=-0.707107;MQBZ=-2;MQSBZ=1.22474;BQBZ=-1.58114;SCBZ=0;FS=0;MQ0F=0;AC=0;AN=2;DP4=1,3,1,0;MQ=50",GT:PL,"0/0:0,3,140"
16852,CM000679.2,7676180,.,A,T,29.8819,PASS,"DP=11;SGB=-0.379885;RPBZ=-0.275839;MQBZ=0.408248;MQSBZ=1.1547;BQBZ=-1.67332;SCBZ=-1.1547;FS=0;MQ0F=0.0909091;AC=0;AN=2;DP4=2,4,1,0;MQ=51",GT:PL,"0/0:0,9,223"
1042,CM000663.2,244048626,.,C,G,29.8724,PASS,"DP=4;SGB=-0.379885;RPBZ=0.57735;MQBZ=-0.447214;BQBZ=0;SCBZ=0;FS=0;MQ0F=0.25;AC=0;AN=2;DP4=0,3,0,1;MQ=13",GT:PL,"0/0:0,1,11"
5738,CM000667.2,112839793,.,C,T,29.8661,PASS,"DP=8;SGB=-0.379885;RPBZ=-0.87831;MQBZ=0;MQSBZ=0;BQBZ=-1.73205;SCBZ=2.23607;FS=0;MQ0F=0;AC=0;AN=2;DP4=1,4,0,1;MQ=60",GT:PL,"0/0:0,8,164"
11592,CM000672.2,117741856,.,A,T,29.8622,PASS,"DP=12;SGB=-0.379885;RPBZ=0.805823;MQBZ=0;MQSBZ=0;BQBZ=-1.63299;SCBZ=0;FS=0;MQ0F=0;AC=0;AN=2;DP4=5,6,1,0;MQ=60",GT:PL,"0/0:0,23,229"
21136,CM000684.2,20564529,.,A,T,29.8611,PASS,"DP=6;SGB=-0.379885;RPBZ=0.725476;MQBZ=-2;BQBZ=-1.58114;SCBZ=-1.22474;FS=0;MQ0F=0;AC=0;AN=2;DP4=4,0,1,0;MQ=56",GT:PL,"0/0:0,3,126"
19966,CM000681.2,15614410,.,C,A,29.8571,PASS,"DP=29;SGB=-0.379885;RPBZ=0.47316;MQBZ=0.267261;MQSBZ=0.816497;BQBZ=-2.31624;SCBZ=1.78227;FS=0;MQ0F=0;AC=0;AN=2;DP4=9,5,0,1;MQ=59",GT:PL,"0/0:0,20,255"
9254,CM000671.2,33676255,.,T,C,29.854,PASS,"DP=8;SGB=-0.379885;RPBZ=1.41421;MQBZ=-1.45095;MQSBZ=1.1847;BQBZ=0.816497;SCBZ=0.725476;FS=0;MQ0F=0;AC=0;AN=2;DP4=1,3,1,0;MQ=39",GT:PL,"0/0:0,6,144"
5084,CM000667.2,112815437,.,G,C,29.8415,PASS,"DP=13;SGB=-0.379885;RPBZ=1.1547;MQBZ=0;MQSBZ=0;BQBZ=-1.65503;SCBZ=0;FS=0;MQ0F=0;AC=0;AN=2;DP4=4,2,0,1;MQ=60",GT:PL,"0/0:0,11,200"
21248,CM000684.2,39532643,.,A,T,29.8096,PASS,"DP=14;SGB=-0.379885;RPBZ=1;MQBZ=0;MQSBZ=0;BQBZ=-1.87083;SCBZ=0;FS=0;MQ0F=0;AC=0;AN=2;DP4=6,7,1,0;MQ=60",GT:PL,"0/0:0,29,255"
5830,CM000667.2,112839906,.,A,T,29.8053,PASS,"DP=8;SGB=-0.379885;RPBZ=0.725476;MQBZ=0;MQSBZ=0;BQBZ=-1.58114;SCBZ=0.725476;FS=0;MQ0F=0;AC=0;AN=2;DP4=3,1,1,0;MQ=60",GT:PL,"0/0:0,3,178"
1422,CM000664.2,32916237,.,G,C,29.8017,PASS,"DP=83;VDB=0.02;SGB=-0.453602;RPBZ=0.607822;MQBZ=1.65089;MQSBZ=1.48406;BQBZ=-2.37149;SCBZ=0;FS=0;MQ0F=0.277108;AC=0;AN=2;DP4=65,1,2,0;MQ=10",GT:PL,"0/0:0,171,56"
20333,CM000682.2,32434595,.,G,A,29.7999,PASS,"DP=12;SGB=-0.379885;RPBZ=-1.01835;MQBZ=0;MQSBZ=0;BQBZ=-1.57181;SCBZ=1.65503;FS=0;MQ0F=0;AC=0;AN=2;DP4=4,2,0,1;MQ=60",GT:PL,"0/0:0,11,246"
20306,CM000682.2,32434568,.,C,T,29.792,PASS,"DP=12;SGB=-0.379885;RPBZ=-1.57181;MQBZ=0;MQSBZ=0;BQBZ=-1.67332;SCBZ=1.51357;FS=0;MQ0F=0;AC=0;AN=2;DP4=4,2,0,1;MQ=60",GT:PL,"0/0:0,11,255"
20323,CM000682.2,32434585,.,C,A,29.792,PASS,"DP=12;SGB=-0.379885;RPBZ=-1.32288;MQBZ=0;MQSBZ=0;BQBZ=-1.67332;SCBZ=1.51357;FS=0;MQ0F=0;AC=0;AN=2;DP4=4,2,0,1;MQ=60",GT:PL,"0/0:0,11,255"
20324,CM000682.2,32434586,.,G,A,29.792,PASS,"DP=12;SGB=-0.379885;RPBZ=-1.32288;MQBZ=0;MQSBZ=0;BQBZ=-1.67332;SCBZ=1.51357;FS=0;MQ0F=0;AC=0;AN=2;DP4=4,2,0,1;MQ=60",GT:PL,"0/0:0,11,255"
20327,CM000682.2,32434589,.,G,A,29.792,PASS,"DP=12;SGB=-0.379885;RPBZ=-1.32288;MQBZ=0;MQSBZ=0;BQBZ=-1.67332;SCBZ=1.51357;FS=0;MQ0F=0;AC=0;AN=2;DP4=4,2,0,1;MQ=60",GT:PL,"0/0:0,11,255"
13878,CM000675.2,111185965,.,T,A,29.7896,PASS,"DP=5;SGB=-0.379885;RPBZ=1;MQBZ=0;BQBZ=-1;SCBZ=0;FS=0;MQ0F=0;AC=0;AN=2;DP4=1,0,1,0;MQ=60",GT:PL,"0/0:0,1,32"
13886,CM000675.2,111185973,.,T,A,29.7896,PASS,"DP=6;SGB=-0.379885;RPBZ=-1;MQBZ=-1;MQSBZ=-1;BQBZ=-1;SCBZ=1;FS=0;MQ0F=0;AC=0;AN=2;DP4=1,0,0,1;MQ=57",GT:PL,"0/0:0,1,32"
1522,CM000664.2,32916591,.,G,C,29.7807,PASS,"DP=92;VDB=0.0221621;SGB=-0.511536;RPBZ=-1.63503;MQBZ=-0.206357;MQSBZ=2.52496;BQBZ=-0.464851;SCBZ=0;FS=0;MQ0F=0.641304;AC=0;AN=2;DP4=75,10,3,0;MQ=3",GT:PL,"0/0:0,215,25"
11348,CM000672.2,97140826,.,A,G,29.7666,PASS,"DP=14;SGB=-0.379885;RPBZ=1.55662;MQBZ=0;MQSBZ=0;BQBZ=-2.44949;SCBZ=2.44949;FS=0;MQ0F=0;AC=0;AN=2;DP4=3,3,1,0;MQ=60",GT:PL,"0/0:0,11,255"
25,CM000663.2,3169799,.,A,G,29.7382,PASS,"DP=25;SGB=-0.379885;RPBZ=1.08167;MQBZ=0.204124;MQSBZ=1.04083;BQBZ=-1.23091;SCBZ=0;FS=0;MQ0F=0;AC=0;AN=2;DP4=11,13,1,0;MQ=59",GT:PL,"0/0:0,61,255"
39,CM000663.2,3169813,.,T,C,29.7355,PASS,"DP=25;SGB=-0.379885;RPBZ=1.04083;MQBZ=-4.89898;MQSBZ=1.04083;BQBZ=-1.25739;SCBZ=0;FS=0;MQ0F=0;AC=0;AN=2;DP4=11,13,1,0;MQ=59",GT:PL,"0/0:0,61,255"
16,CM000663.2,3169790,.,T,C,29.7351,PASS,"DP=25;SGB=-0.379885;RPBZ=1.08167;MQBZ=0.204124;MQSBZ=1.04083;BQBZ=-1.29866;SCBZ=0;FS=0;MQ0F=0;AC=0;AN=2;DP4=11,13,1,0;MQ=59",GT:PL,"0/0:0,61,255"
1425,CM000664.2,32916240,.,G,T,29.7351,PASS,"DP=83;SGB=-0.379885;RPBZ=-1.7038;MQBZ=-0.0260362;MQSBZ=1.48406;BQBZ=-0.218165;SCBZ=0;FS=0;MQ0F=0.277108;AC=0;AN=2;DP4=66,1,1,0;MQ=10",GT:PL,"0/0:0,186,36"
7180,CM000669.2,55181408,.,A,G,29.7314,PASS,"DP=44;VDB=0.02;SGB=-0.453602;RPBZ=2.10816;MQBZ=0.337808;MQSBZ=-1.59291;BQBZ=-2.63186;SCBZ=-0.957839;FS=0;MQ0F=0;AC=0;AN=2;DP4=19,17,2,0;MQ=59",GT:PL,"0/0:0,85,255"
16203,CM000679.2,7674200,.,T,C,29.7281,PASS,"DP=7;SGB=-0.379885;RPBZ=0.57735;MQBZ=-1.73205;MQSBZ=0.57735;BQBZ=-1.41421;SCBZ=1.41421;FS=0;MQ0F=0;AC=0;AN=2;DP4=2,1,1,0;MQ=57",GT:PL,"0/0:0,1,128"
7,CM000663.2,3169781,.,A,T,29.725,PASS,"DP=25;SGB=-0.379885;RPBZ=1.08167;MQBZ=0.204124;MQSBZ=1.04083;BQBZ=-1.47442;SCBZ=0;FS=0;MQ0F=0;AC=0;AN=2;DP4=11,13,1,0;MQ=59",GT:PL,"0/0:0,61,255"
20366,CM000682.2,32434629,.,T,A,29.7226,PASS,"DP=13;SGB=-0.379885;RPBZ=-1.01835;MQBZ=0;MQSBZ=0;BQBZ=-1.55662;SCBZ=0.254588;FS=0;MQ0F=0;AC=0;AN=2;DP4=4,2,0,1;MQ=60",GT:PL,"0/0:0,1,223"
40,CM000663.2,3169814,.,C,T,29.7221,PASS,"DP=25;SGB=-0.379885;RPBZ=1.1024;MQBZ=0.204124;MQSBZ=1.04083;BQBZ=-1.58114;SCBZ=0;FS=0;MQ0F=0;AC=0;AN=2;DP4=11,13,1,0;MQ=59",GT:PL,"0/0:0,61,255"
14404,CM000676.2,104179865,.,T,A,29.7219,PASS,"DP=22;SGB=-0.379885;RPBZ=-2.77269;MQBZ=-4.58258;MQSBZ=-3.16228;BQBZ=-2.51661;SCBZ=0;FS=0;MQ0F=0;AC=0;AN=2;DP4=20,1,0,1;MQ=59",GT:PL,"0/0:0,52,209"
14375,CM000676.2,104179836,.,A,G,29.7174,PASS,"DP=22;SGB=-0.379885;RPBZ=-2.64275;MQBZ=0.218218;MQSBZ=-3.16228;BQBZ=-3.16228;SCBZ=0;FS=0;MQ0F=0;AC=0;AN=2;DP4=20,1,0,1;MQ=59",GT:PL,"0/0:0,52,212"
14383,CM000676.2,104179844,.,T,A,29.7151,PASS,"DP=22;SGB=-0.379885;RPBZ=-2.77269;MQBZ=-4.58258;MQSBZ=-3.16228;BQBZ=-3.31662;SCBZ=0;FS=0;MQ0F=0;AC=0;AN=2;DP4=20,1,0,1;MQ=59",GT:PL,"0/0:0,52,226"
9040,CM000671.2,22006146,.,A,G,29.7144,PASS,"DP=4;SGB=-0.379885;RPBZ=1;MQBZ=-1;BQBZ=0;SCBZ=-1;FS=0;MQ0F=0.25;AC=0;AN=2;DP4=0,1,0,1;MQ=30",GT:PL,"0/0:0,1,55"
9043,CM000671.2,22006149,.,A,G,29.7144,PASS,"DP=4;SGB=-0.379885;RPBZ=1;MQBZ=-1;BQBZ=0;SCBZ=-1;FS=0;MQ0F=0.25;AC=0;AN=2;DP4=0,1,0,1;MQ=30",GT:PL,"0/0:0,1,55"
9049,CM000671.2,22006155,.,C,G,29.7144,PASS,"DP=4;SGB=-0.379885;RPBZ=1;MQBZ=-1;BQBZ=0;SCBZ=-1;FS=0;MQ0F=0.25;AC=0;AN=2;DP4=0,1,0,1;MQ=30",GT:PL,"0/0:0,1,55"
14379,CM000676.2,104179840,.,G,A,29.7132,PASS,"DP=22;SGB=-0.379885;RPBZ=-2.77269;MQBZ=-4.58258;MQSBZ=-3.16228;BQBZ=-4.58258;SCBZ=0;FS=0;MQ0F=0;AC=0;AN=2;DP4=20,1,0,1;MQ=59",GT:PL,"0/0:0,52,224"
16204,CM000679.2,7674201,.,G,A,29.7129,PASS,"DP=7;SGB=-0.379885;RPBZ=0.57735;MQBZ=-1.73205;MQSBZ=0.57735;BQBZ=-1.41421;SCBZ=1.41421;FS=0;MQ0F=0;AC=0;AN=2;DP4=2,1,1,0;MQ=57",GT:PL,"0/0:0,1,147"
16188,CM000679.2,7674185,.,A,G,29.7122,PASS,"DP=7;SGB=-0.379885;RPBZ=-1.41421;MQBZ=-1.73205;MQSBZ=0.57735;BQBZ=-1.41421;SCBZ=1.41421;FS=0;MQ0F=0;AC=0;AN=2;DP4=2,1,1,0;MQ=57",GT:PL,"0/0:0,1,148"
16243,CM000679.2,7674240,.,G,C,29.7122,PASS,"DP=7;SGB=-0.379885;RPBZ=1.34164;MQBZ=-1.73205;MQSBZ=0.57735;BQBZ=-1.41421;SCBZ=1.41421;FS=0;MQ0F=0;AC=0;AN=2;DP4=2,1,1,0;MQ=57",GT:PL,"0/0:0,1,148"
16254,CM000679.2,7674251,.,A,T,29.7122,PASS,"DP=7;SGB=-0.379885;RPBZ=1.34164;MQBZ=-1.73205;MQSBZ=0.57735;BQBZ=-1.41421;SCBZ=1.41421;FS=0;MQ0F=0;AC=0;AN=2;DP4=2,1,1,0;MQ=57",GT:PL,"0/0:0,1,147"
16275,CM000679.2,7674272,.,T,A,29.7122,PASS,"DP=7;SGB=-0.379885;RPBZ=-1.41421;MQBZ=-1.73205;MQSBZ=-1;BQBZ=-1.41421;SCBZ=1.41421;FS=0;MQ0F=0;AC=0;AN=2;DP4=2,1,0,1;MQ=57",GT:PL,"0/0:0,1,147"
16206,CM000679.2,7674203,.,T,A,29.7046,PASS,"DP=7;SGB=-0.379885;RPBZ=1;MQBZ=-1.73205;MQSBZ=0.57735;BQBZ=-1.73205;SCBZ=1.41421;FS=0;MQ0F=0;AC=0;AN=2;DP4=2,1,1,0;MQ=57",GT:PL,"0/0:0,1,158"
16226,CM000679.2,7674223,.,T,C,29.7046,PASS,"DP=7;SGB=-0.379885;RPBZ=1.41421;MQBZ=-1.73205;MQSBZ=0.57735;BQBZ=-1.73205;SCBZ=1.41421;FS=0;MQ0F=0;AC=0;AN=2;DP4=2,1,1,0;MQ=57",GT:PL,"0/0:0,1,158"
38,CM000663.2,3169812,.,C,T,29.7041,PASS,"DP=25;SGB=-0.379885;RPBZ=1.04083;MQBZ=0.204124;MQSBZ=1.04083;BQBZ=-2.39046;SCBZ=0;FS=0;MQ0F=0;AC=0;AN=2;DP4=11,13,1,0;MQ=59",GT:PL,"0/0:0,61,255"
5841,CM000667.2,112839917,.,A,T,29.7039,PASS,"DP=7;SGB=-0.379885;RPBZ=1.41421;MQBZ=0;BQBZ=-1.73205;SCBZ=1.41421;FS=0;MQ0F=0;AC=0;AN=2;DP4=3,0,1,0;MQ=60",GT:PL,"0/0:0,1,140"
5856,CM000667.2,112839932,.,T,C,29.7039,PASS,"DP=7;SGB=-0.379885;RPBZ=1.34164;MQBZ=0;BQBZ=-1.73205;SCBZ=1.41421;FS=0;MQ0F=0;AC=0;AN=2;DP4=3,0,1,0;MQ=60",GT:PL,"0/0:0,1,140"
5861,CM000667.2,112839937,.,C,T,29.7039,PASS,"DP=7;SGB=-0.379885;RPBZ=1.41421;MQBZ=0;BQBZ=-1.73205;SCBZ=1.41421;FS=0;MQ0F=0;AC=0;AN=2;DP4=3,0,1,0;MQ=60",GT:PL,"0/0:0,1,140"
5864,CM000667.2,112839940,.,A,T,29.7039,PASS,"DP=7;SGB=-0.379885;RPBZ=1.34164;MQBZ=0;BQBZ=-1.73205;SCBZ=1.41421;FS=0;MQ0F=0;AC=0;AN=2;DP4=3,0,1,0;MQ=60",GT:PL,"0/0:0,1,140"
5865,CM000667.2,112839941,.,G,A,29.7039,PASS,"DP=7;SGB=-0.379885;RPBZ=1.41421;MQBZ=0;BQBZ=-1.73205;SCBZ=1.41421;FS=0;MQ0F=0;AC=0;AN=2;DP4=3,0,1,0;MQ=60",GT:PL,"0/0:0,1,140"
5874,CM000667.2,112839950,.,A,T,29.7039,PASS,"DP=7;SGB=-0.379885;RPBZ=1.41421;MQBZ=0;BQBZ=-1.73205;SCBZ=1.41421;FS=0;MQ0F=0;AC=0;AN=2;DP4=3,0,1,0;MQ=60",GT:PL,"0/0:0,1,140"
5882,CM000667.2,112839958,.,A,T,29.7039,PASS,"DP=7;SGB=-0.379885;RPBZ=1.41421;MQBZ=0;BQBZ=-1.73205;SCBZ=1.41421;FS=0;MQ0F=0;AC=0;AN=2;DP4=3,0,1,0;MQ=60",GT:PL,"0/0:0,1,140"
5885,CM000667.2,112839961,.,A,T,29.7039,PASS,"DP=7;SGB=-0.379885;RPBZ=1.34164;MQBZ=0;BQBZ=-1.73205;SCBZ=1.41421;FS=0;MQ0F=0;AC=0;AN=2;DP4=3,0,1,0;MQ=60",GT:PL,"0/0:0,1,140"
5887,CM000667.2,112839963,.,G,C,29.7039,PASS,"DP=7;SGB=-0.379885;RPBZ=1.41421;MQBZ=0;BQBZ=-1.73205;SCBZ=1.41421;FS=0;MQ0F=0;AC=0;AN=2;DP4=3,0,1,0;MQ=60",GT:PL,"0/0:0,1,140"
5902,CM000667.2,112839978,.,A,G,29.7039,PASS,"DP=7;SGB=-0.379885;RPBZ=1.34164;MQBZ=0;BQBZ=-1.73205;SCBZ=1.41421;FS=0;MQ0F=0;AC=0;AN=2;DP4=3,0,1,0;MQ=60",GT:PL,"0/0:0,1,140"
16239,CM000679.2,7674236,.,T,A,29.7039,PASS,"DP=7;SGB=-0.379885;RPBZ=1.41421;MQBZ=-1.73205;MQSBZ=0.57735;BQBZ=-1.73205;SCBZ=1.41421;FS=0;MQ0F=0;AC=0;AN=2;DP4=2,1,1,0;MQ=57",GT:PL,"0/0:0,1,158"
1424,CM000664.2,32916239,.,G,C,29.6937,PASS,"DP=83;SGB=-0.379885;RPBZ=-1.30474;MQBZ=-0.156217;MQSBZ=1.48406;BQBZ=-0.851683;SCBZ=0;FS=0;MQ0F=0.277108;AC=0;AN=2;DP4=66,1,1,0;MQ=10",GT:PL,"0/0:0,186,61"
15095,CM000677.2,79003618,.,A,T,29.6899,PASS,"DP=29;SGB=-0.379885;RPBZ=-0.88075;MQBZ=0;MQSBZ=0;BQBZ=-2.28473;SCBZ=0;FS=0;MQ0F=0;AC=0;AN=2;DP4=13,15,0,1;MQ=60",GT:PL,"0/0:0,72,255"
20521,CM000682.2,62590335,.,A,C,29.6894,PASS,"DP=34;SGB=-0.379885;RPBZ=-1.27098;MQBZ=0;MQSBZ=0;BQBZ=-1.5017;SCBZ=0;FS=0;MQ0F=0;AC=0;AN=2;DP4=21,12,0,1;MQ=60",GT:PL,"0/0:0,87,255"
3259,CM000665.2,179210186,.,G,C,29.6684,PASS,"DP=5;SGB=-0.379885;RPBZ=0;MQBZ=0;MQSBZ=0;BQBZ=-1.22474;SCBZ=0;FS=0;MQ0F=0;AC=0;AN=2;DP4=0,2,1,0;MQ=60",GT:PL,"0/0:0,0,40"
1733,CM000664.2,79369375,.,T,C,29.6598,PASS,"DP=45;SGB=-0.379885;RPBZ=0.0872373;MQBZ=0;MQSBZ=0;BQBZ=-1.78939;SCBZ=0;FS=0;MQ0F=0;AC=0;AN=2;DP4=20,24,1,0;MQ=60",GT:PL,"0/0:0,119,255"
1717,CM000664.2,79369359,.,G,C,29.655,PASS,"DP=45;SGB=-0.379885;RPBZ=-0.959611;MQBZ=0;MQSBZ=0;BQBZ=-2.23018;SCBZ=0;FS=0;MQ0F=0;AC=0;AN=2;DP4=20,24,1,0;MQ=60",GT:PL,"0/0:0,119,255"
7179,CM000669.2,55181407,.,G,T,29.6501,PASS,"DP=50;SGB=-0.379885;RPBZ=1.49195;MQBZ=0.273649;MQSBZ=-1.13767;BQBZ=-1.94278;SCBZ=-0.61446;FS=0;MQ0F=0;AC=0;AN=2;DP4=26,16,1,0;MQ=59",GT:PL,"0/0:0,113,255"
7174,CM000669.2,55181402,.,T,C,29.646,PASS,"DP=52;SGB=-0.379885;RPBZ=0.846458;MQBZ=-3.07885;MQSBZ=-0.684821;BQBZ=-2.18603;SCBZ=-0.606443;FS=0;MQ0F=0;AC=0;AN=2;DP4=27,16,1,0;MQ=59",GT:PL,"0/0:0,116,255"
7164,CM000669.2,55181392,.,T,A,29.6427,PASS,"DP=58;SGB=-0.379885;RPBZ=-1.70394;MQBZ=-3.38799;MQSBZ=-0.719488;BQBZ=-1.909;SCBZ=-0.571051;FS=0;MQ0F=0;AC=0;AN=2;DP4=31,16,0,1;MQ=59",GT:PL,"0/0:0,128,255"
3281,CM000665.2,179210208,.,G,C,29.6422,PASS,"DP=5;SGB=-0.379885;RPBZ=0;MQBZ=0;MQSBZ=0;BQBZ=-1.22474;SCBZ=0;FS=0;MQ0F=0;AC=0;AN=2;DP4=0,2,1,0;MQ=60",GT:PL,"0/0:0,0,53"
6735,CM000668.2,156778909,.,G,C,29.6319,PASS,"DP=35;SGB=-0.379885;RPBZ=1.48303;MQBZ=-4.3589;MQSBZ=-1.10554;BQBZ=-1.04643;SCBZ=-1.07547;FS=0;MQ0F=0;AC=0;AN=2;DP4=11,8,0,1;MQ=57",GT:PL,"0/0:0,47,255"
5778,CM000667.2,112839833,.,G,A,29.6165,PASS,"DP=5;SGB=-0.379885;RPBZ=0;MQBZ=0;MQSBZ=0;BQBZ=-1.22474;SCBZ=1.41421;FS=0;MQ0F=0;AC=0;AN=2;DP4=1,1,0,1;MQ=60",GT:PL,"0/0:0,0,88"
8746,CM000671.2,21971075,.,A,T,29.2568,PASS,"DP=14;SGB=-0.379885;RPBZ=1.62549;MQBZ=0.353553;MQSBZ=-0.894427;BQBZ=-1.20268;SCBZ=0.639602;FS=0;MQ0F=0.0714286;AC=0;AN=2;DP4=3,5,1,0;MQ=53",GT:PL,"0/0:2,0,245"
13929,CM000675.2,111186016,.,T,C,29.2456,PASS,"DP=5;SGB=-0.379885;RPBZ=-1.22474;MQBZ=-1.41421;MQSBZ=-1.41421;BQBZ=-1.41421;SCBZ=0;FS=0;MQ0F=0;AC=0;AN=2;DP4=2,0,0,1;MQ=58",GT:PL,"0/0:2,0,101"
15029,CM000677.2,66803318,.,G,T,29.2456,PASS,"DP=5;SGB=-0.379885;RPBZ=-1.22474;MQBZ=0;MQSBZ=0;BQBZ=-1.41421;SCBZ=-0.707107;FS=0;MQ0F=0;AC=0;AN=2;DP4=1,1,0,1;MQ=60",GT:PL,"0/0:2,0,111"
13921,CM000675.2,111186008,.,T,C,29.1911,PASS,"DP=5;SGB=-0.379885;RPBZ=-1.22474;MQBZ=-1.41421;MQSBZ=-1.41421;BQBZ=-1.22474;SCBZ=1.41421;FS=0;MQ0F=0;AC=0;AN=2;DP4=2,0,0,1;MQ=58",GT:PL,"0/0:2,0,82"
16704,CM000679.2,7675999,.,A,T,29.1712,PASS,"DP=5;SGB=-0.379885;RPBZ=1.22474;MQBZ=0;MQSBZ=0;BQBZ=-1.22474;SCBZ=0;FS=0;MQ0F=0;AC=0;AN=2;DP4=1,1,1,0;MQ=60",GT:PL,"0/0:2,0,81"
16752,CM000679.2,7676047,.,C,G,29.1479,PASS,"DP=4;SGB=-0.379885;RPBZ=1;MQBZ=0;MQSBZ=0;BQBZ=-1;SCBZ=0;FS=0;MQ0F=0;AC=0;AN=2;DP4=1,0,0,1;MQ=60",GT:PL,"0/0:2,0,54"
13919,CM000675.2,111186006,.,T,C,29.1397,PASS,"DP=5;SGB=-0.379885;RPBZ=-1.22474;MQBZ=-1.41421;MQSBZ=-1.41421;BQBZ=-1.22474;SCBZ=1.41421;FS=0;MQ0F=0;AC=0;AN=2;DP4=2,0,0,1;MQ=58",GT:PL,"0/0:2,0,66"
3174,CM000665.2,179210101,.,G,A,29.1152,PASS,"DP=4;SGB=-0.379885;RPBZ=0;MQBZ=0;MQSBZ=0;BQBZ=-1.22474;SCBZ=-1.22474;FS=0;MQ0F=0;AC=0;AN=2;DP4=1,1,1,0;MQ=60",GT:PL,"0/0:2,0,64"
4924,CM000667.2,95492675,.,A,T,29.037,PASS,"DP=4;SGB=-0.379885;RPBZ=0.942809;MQBZ=-0.942809;BQBZ=-0.57735;SCBZ=0;FS=0;MQ0F=0.5;AC=0;AN=2;DP4=0,3,0,1;MQ=2",GT:PL,"0/0:0,5,7"
11446,CM000672.2,109812405,.,T,C,28.747,PASS,"DP=4;SGB=-0.379885;RPBZ=1.34164;MQBZ=-0.57735;BQBZ=0;SCBZ=0;FS=0;MQ0F=0.75;AC=0;AN=2;DP4=3,0,1,0;MQ=1",GT:PL,"0/0:0,5,6"
11455,CM000672.2,109812414,.,T,C,28.747,PASS,"DP=4;SGB=-0.379885;RPBZ=0.447214;MQBZ=-0.57735;BQBZ=-0.57735;SCBZ=0;FS=0;MQ0F=0.75;AC=0;AN=2;DP4=3,0,1,0;MQ=1",GT:PL,"0/0:0,5,6"
11457,CM000672.2,109812416,.,T,C,28.747,PASS,"DP=4;SGB=-0.379885;RPBZ=1.34164;MQBZ=-0.57735;BQBZ=-0.57735;SCBZ=0;FS=0;MQ0F=0.75;AC=0;AN=2;DP4=3,0,1,0;MQ=1",GT:PL,"0/0:0,5,6"
4311,CM000666.2,166603739,.,A,G,28.5604,PASS,"DP=4;SGB=-0.379885;RPBZ=1.34164;MQBZ=0;BQBZ=0;SCBZ=0;FS=0;MQ0F=1;AC=0;AN=2;DP4=0,3,0,1;MQ=0",GT:PL,"0/0:0,5,5"
8390,CM000670.2,124172029,.,G,C,28.5604,PASS,"DP=4;SGB=-0.379885;RPBZ=-1;MQBZ=-0.57735;BQBZ=-1;SCBZ=0;FS=0;MQ0F=0.75;AC=0;AN=2;DP4=3,0,1,0;MQ=1",GT:PL,"0/0:0,5,5"
1517,CM000664.2,32916536,.,G,C,28.0946,PASS,"DP=93;VDB=0.259298;SGB=-0.511536;RPBZ=1.86952;MQBZ=-0.221766;MQSBZ=-0.125988;BQBZ=-1.99009;SCBZ=0;FS=0;MQ0F=0.677419;AC=0;AN=2;DP4=60,1,3,0;MQ=0",GT:PL,"0/0:0,146,6"
1514,CM000664.2,32916533,.,G,C,28.089,PASS,"DP=94;VDB=0.000538717;SGB=-0.651104;RPBZ=2.9831;MQBZ=-0.36823;MQSBZ=-0.123091;BQBZ=-1.74752;SCBZ=0;FS=0;MQ0F=0.702128;AC=0;AN=2;DP4=58,1,8,0;MQ=0",GT:PL,"0/0:0,104,5"
1518,CM000664.2,32916537,.,G,C,27.9719,PASS,"DP=92;VDB=0.314202;SGB=-0.616816;RPBZ=1.90455;MQBZ=-0.327327;MQSBZ=-0.225494;BQBZ=-2.87283;SCBZ=0;FS=0;MQ0F=0.663043;AC=0;AN=2;DP4=53,3,6,0;MQ=0",GT:PL,"0/0:0,109,5"
21872,MU273333.1,567561,.,A,G,27.4932,PASS,"DP=4;SGB=-0.379885;RPBZ=1.41421;MQBZ=0;MQSBZ=0;BQBZ=-1.22474;SCBZ=-1.41421;FS=0;MQ0F=0.75;AC=0;AN=2;DP4=0,2,1,0;MQ=0",GT:PL,"0/0:0,3,3"
9454,CM000671.2,133128322,.,T,"A,C",26.8583,PASS,"DP=19;VDB=0.0221621;SGB=-0.511536;RPBZ=-2.88314;MQBZ=-0.704026;MQSBZ=0.266097;BQBZ=-3.07085;SCBZ=0;FS=0;MQ0F=0.0526316;AC=0,0;AN=2;DP4=12,4,0,3;MQ=55",GT:PL,"0/0:0,29,249,38,252,251"
4407,CM000667.2,344534,.,G,A,26.2752,PASS,"DP=4;SGB=-0.379885;RPBZ=-0.447214;MQBZ=1.73205;BQBZ=-1.73205;SCBZ=0;FS=0;MQ0F=0.75;AC=0;AN=2;DP4=3,0,1,0;MQ=4",GT:PL,"0/0:0,1,0"
4409,CM000667.2,344536,.,G,C,26.2752,PASS,"DP=4;SGB=-0.379885;RPBZ=-0.471405;MQBZ=1.73205;BQBZ=-1.73205;SCBZ=-0.447214;FS=0;MQ0F=0.75;AC=0;AN=2;DP4=3,0,1,0;MQ=4",GT:PL,"0/0:0,1,0"
10731,CM000672.2,87933163,.,T,A,25.5705,PASS,"DP=4;SGB=-0.379885;RPBZ=1;MQBZ=0;BQBZ=-1;SCBZ=-1;FS=0;MQ0F=0.5;AC=0;AN=2;DP4=0,1,0,1;MQ=0",GT:PL,"0/0:0,1,0"
22188,KQ090021.1,167860,.,G,T,25.5705,PASS,"DP=7;SGB=-0.379885;RPBZ=1;MQBZ=0;BQBZ=1;SCBZ=0;FS=0;MQ0F=0.285714;AC=0;AN=2;DP4=0,1,0,1;MQ=0",GT:PL,"0/0:0,1,0"
22881,MU273374.1,797631,.,T,C,25.5705,PASS,"DP=4;SGB=-0.379885;RPBZ=0;MQBZ=0;BQBZ=0;SCBZ=1;FS=0;MQ0F=0.5;AC=0;AN=2;DP4=0,1,0,1;MQ=0",GT:PL,"0/0:0,1,0"
1519,CM000664.2,32916538,.,G,"C,A",25.4337,PASS,"DP=97;VDB=0.661214;SGB=-0.590765;RPBZ=2.27843;MQBZ=-0.49934;MQSBZ=2.74495;BQBZ=-2.01195;SCBZ=0;FS=0;MQ0F=0.659794;AC=0,0;AN=2;DP4=54,8,4,1;MQ=0",GT:PL,"0/0:0,149,6,160,11,6"
